NPUZ00003,Tetris,,Minis
PS7476C644,gPSP,,Homebrew
PSBDDD176B,snes9x,,Homebrew
PSCC777713,Best Eroge Ever,,Homebrew
PSECC13486,Picodrive,,Homebrew
UCES00422,Ridge Racer 2,,Standard
UCES01241,Invizimals,,Standard
UCES01312,Fat Princess - Fistful of Cake,,Standard
UCES01313,echoshift,,Standard
UCUS98743,MotorStorm Arctic Edge,,Standard
ULES00909,Puzzle Quest,,Standard
ULJM05800,Monster Hunter Portable 3rd,,Standard
ULUS10025,Burnout Legends,,Standard
ULUS10064,Outrun 2006 - Coast 2 Coast,,Standard
ULUS10154,Metal Slug Anthology,,Standard
ULUS10217,Capcom Puzzle Collection,,Standard
ULUS10494,WDIDTDTML2,What Did I Do To Deserve This, My Lord?! 2,Standard
ULUS10512,Persona 3 Portable,,Standard
ULUS10529,Phantasy Star Portable 2,,Standard
ULUS10551,Ys VII,,Standard
ULUS10559, Z. H. P. Unlosing Ranger VS Darkdeath Evilman, ZHP - URvDE,Standard
ULJM05472,Hatsune Miku Project Diva,,Standard
ULUS10238,Crush,,Standard
XMB,XMB,,Other
